Date,Mid-Atlantic ULS Diesel Stocks (Thousand Barrels),Mid-Atlantic Gasoline Stocks (Thousand Barrels),East Coast Gasoline Stocks (Thousand Barrels),East Coast Ethanol Stocks  (Thousand Barrels),East Coast Jet Fuels Stocks (Thousand Barrels),U.S. Gasoline Stocks (Thousand Barrels),U.S. Crude Oil Stocks (Thousand Barrels)
12/28/2018,17639,31190,61058,6898,9085,239996,441418
12/21/2018,17301,30114,60334,6922,8290,233106,441411
12/14/2018,17800,30414,60508,7095,8946,230103,441457
12/07/2018,18666,30533,59490,7001,9564,228337,441954
11/30/2018,19373,31854,61392,6992,8254,226250,443162
11/23/2018,17836,32637,61070,7060,10073,224551,450485
11/16/2018,17768,32178,61702,7449,8740,225315,446908
11/09/2018,18877,34745,64688,7809,10131,226610,442057
11/02/2018,18454,34622,64418,7505,11096,228021,431787
10/26/2018,18987,34119,64581,7544,10689,226169,426004
10/19/2018,19442,35813,67707,7864,12192,229330,422787
10/12/2018,20084,36733,70023,8160,11549,234156,416441
10/05/2018,20607,36921,70625,8099,11836,236172,409951
09/28/2018,20799,35878,69262,7942,11984,235221,403964
09/21/2018,22217,36029,67407,7970,11436,235680,395989
09/14/2018,22609,36274,65792,7190,11245,234150,394137
09/07/2018,23029,34345,66754,7782,10049,235869,396194
08/31/2018,21301,32709,66088,7718,10952,234619,401490
08/24/2018,20879,32348,64071,7556,10163,232774,405792
08/17/2018,19109,31754,63234,7545,8593,234328,408358
08/10/2018,19992,31885,63267,7310,10139,233128,414194
08/03/2018,18543,32652,64055,7262,9368,233868,407389
07/27/2018,17879,33446,64049,7682,10618,230968,408740
07/20/2018,16907,32874,65225,7108,10381,233504,404937
07/13/2018,16217,33615,66323,7080,10904,235832,411084
07/06/2018,15567,33115,66471,7083,11553,238997,405248
06/29/2018,13715,33437,65510,7042,10470,239691,417881
06/22/2018,13650,34872,67094,7064,12122,241196,416636
06/15/2018,13449,33150,65925,7024,11173,240040,426527
06/08/2018,12859,31813,65676,7388,12223,236763,432441
06/01/2018,14297,32604,66936,7073,11791,239034,436584
05/25/2018,13507,32142,64712,6949,10071,234431,434512
05/18/2018,13316,32885,65235,6965,10968,233897,438132
05/11/2018,13421,31972,63223,6791,9749,232014,432354
05/04/2018,14538,33622,63897,7643,9712,235804,433758
04/27/2018,15187,33648,62055,7378,8746,237978,435955
04/20/2018,16112,32721,60798,6905,8707,236807,429737
04/13/2018,17536,33694,60254,6642,8395,235967,427567
04/06/2018,19520,33649,60524,6844,8524,238935,428638
03/30/2018,20778,31227,57423,7060,8165,238477,425332
03/23/2018,22180,31034,56349,6966,9118,239593,429949
03/16/2018,23743,31676,59668,7518,8860,243065,428306
03/09/2018,23931,34026,59462,7231,8711,244758,430928
03/02/2018,23576,33851,61856,7688,10683,251029,425906
02/23/2018,23268,35611,65244,7678,9621,251817,423498
02/16/2018,22861,34603,65293,7889,8894,249334,420479
02/09/2018,22858,34672,66041,7580,10178,249073,422095
02/02/2018,22045,33858,64900,7974,10030,245474,420254
01/26/2018,22786,31105,63317,7523,10046,242060,418359
01/19/2018,22632,30685,63219,7377,9122,244040,411583
01/12/2018,23227,30317,60968,6999,9013,240942,412654
01/05/2018,26169,30874,61447,7208,10539,237322,419515
12/29/2017,27302,30038,58210,7013,10046,233187,424463
12/22/2017,26278,30395,58155,6914,8587,228374,431882
12/15/2017,26695,29132,57820,6927,9298,227783,436491
12/08/2017,26369,30683,59200,6789,9360,226546,442986
12/01/2017,26077,28288,58450,7185,8165,220882,448103
11/24/2017,25609,26291,56069,6952,10252,214102,453713
11/17/2017,25247,24564,53487,6979,9057,210475,457142
11/10/2017,23746,23814,52941,7108,8442,210431,458997
11/03/2017,22966,24021,52416,6611,10077,209537,457143
10/27/2017,22434,24454,53990,7097,9616,212849,454906
10/20/2017,22075,25765,56880,6905,10038,216869,457341
10/13/2017,22110,25896,57912,7071,11269,222334,456485
10/06/2017,23169,26939,58210,7339,10552,221426,462216
09/29/2017,23594,26215,56936,7512,11566,218936,464963
09/22/2017,23917,26539,55808,6579,9837,217292,470986
09/15/2017,24375,27854,53448,6740,9371,216185,472832
09/08/2017,25273,28420,54833,6615,8985,218310,468241
09/01/2017,27635,30877,60488,6311,8520,226738,462353
08/25/2017,29128,31152,62718,6823,8284,229937,457773
08/18/2017,29803,30996,63034,6745,9733,229902,463165
08/11/2017,29600,31652,64847,6904,8450,231125,466492
08/04/2017,29354,32602,63983,7552,8637,231103,475437
07/28/2017,28871,31952,62597,7546,9993,227679,481888
07/21/2017,28714,31884,62163,7630,9075,230196,483415
07/14/2017,29706,31947,64349,7831,9829,231211,490623
07/07/2017,30798,31697,66271,7492,9247,235656,495350
06/30/2017,28900,32993,66184,7472,9905,237303,502914
06/23/2017,29895,34745,68202,7788,11454,240972,509213
06/16/2017,30040,34771,67605,7682,9658,241866,509095
06/09/2017,28822,35054,68969,7756,11291,242444,511546
06/02/2017,29634,34319,69196,7506,12153,240348,513207
05/26/2017,29326,35092,68426,8009,10048,237024,509912
05/19/2017,29454,37394,69980,8174,11955,239882,516340
05/12/2017,29045,38265,70157,8309,10991,240669,520772
05/05/2017,29982,37305,69766,8560,12868,241082,522525
04/28/2017,29353,35406,67206,8227,11262,241232,527772
04/21/2017,29075,35502,67909,8520,10969,241041,528702
04/14/2017,27749,35363,64484,8169,10243,237672,532343
04/07/2017,28279,35554,65760,8079,9912,236130,533377
03/31/2017,28807,35256,65929,8183,10811,239103,535543
03/24/2017,29523,35803,65648,8028,10581,239721,533977
03/17/2017,30055,36189,68184,7567,10838,243468,533110
03/10/2017,31365,38464,69442,7788,11684,246279,528156
03/03/2017,31997,39313,71217,7806,10571,249334,528393
02/24/2017,32545,40270,75041,7815,9854,255889,520184
02/17/2017,32754,41410,75488,7895,10329,256435,518683
02/10/2017,33399,42343,76285,7675,8691,259063,518119
02/03/2017,35024,40101,73845,7678,8968,256217,508592
01/27/2017,35961,39686,73540,7571,10971,257086,494762
01/20/2017,35060,36639,71597,7634,9538,253220,488296
01/13/2017,34833,36289,70693,7181,9950,246424,485456
01/06/2017,35673,35086,67292,6710,10640,240473,483109
12/30/2016,34955,33303,65177,6237,9995,235450,479012
12/23/2016,35903,31158,61516,6343,9675,227143,486063
12/16/2016,35273,31590,61985,6624,12084,228736,485449
12/09/2016,35542,31597,63146,6562,11980,230045,483193
12/02/2016,34982,31578,61557,6253,12430,229548,485756
11/25/2016,34835,30115,59429,6057,12113,226123,488145
11/18/2016,32641,29410,58973,6347,10913,224026,489029
11/11/2016,33653,29010,56167,5991,11386,221709,490284
11/04/2016,34049,27980,55592,6273,11659,220963,485010
10/28/2016,34024,29446,60969,6544,11365,223804,482578
10/21/2016,33745,29684,62874,6713,12018,226011,468158
10/14/2016,35035,29281,60907,6353,11852,227967,468711
10/07/2016,34636,27372,57932,6365,10778,225498,473958
09/30/2016,34164,29947,59797,7127,11324,227405,469108
09/23/2016,34549,29581,56250,7422,9237,227183,472084
09/16/2016,34672,29804,55535,7036,10255,225156,473966
09/09/2016,34210,32080,64010,7080,9208,228360,480166
09/02/2016,32550,33801,64894,7209,10348,227793,480725
08/26/2016,32339,34267,67178,7365,9305,232004,495238
08/19/2016,31392,36533,69114,7170,9997,232695,492962
08/12/2016,31411,36725,70125,7488,8589,232659,490461
08/05/2016,30218,37196,70915,6918,9868,235383,492969
07/29/2016,29742,36633,71316,7375,10551,238190,491914
07/22/2016,31119,37989,72493,7399,9198,241452,490501
07/15/2016,30640,37395,72003,7484,9671,241000,488830
07/08/2016,30811,36548,72064,7838,10247,240089,491172
07/01/2016,29994,37044,71852,7624,10017,238876,493718
06/24/2016,28770,37906,72465,7454,9632,238998,495941
06/17/2016,29434,35280,68624,7724,11599,237631,499994
06/10/2016,28723,36603,69664,7446,11138,237004,500911
06/03/2016,27650,36666,68378,7047,10744,239629,501844
05/27/2016,28314,36791,67636,7281,11342,238619,504205
05/20/2016,28746,37784,68276,6940,10529,240111,505571
05/13/2016,28383,36942,66044,7107,11246,238068,509797
05/06/2016,29486,37586,66646,7685,11862,240564,508487
04/29/2016,28147,38157,68816,7836,9809,241795,512095
04/22/2016,27684,36922,66437,8143,11162,241259,509311
04/15/2016,27898,37410,65139,8081,11541,239651,507312
04/08/2016,26773,35691,63544,8134,10894,239761,505232
04/01/2016,27298,37320,65906,8077,11589,243998,498598
03/25/2016,27998,36168,64871,8462,10157,242560,503816
03/18/2016,28518,36919,66708,8327,10037,245074,501517
03/11/2016,28600,38678,69247,8313,10252,249716,492160
03/04/2016,29888,37965,68510,8095,9907,250463,490843
02/26/2016,30372,38711,70855,8314,10319,254989,486699
02/19/2016,30037,37468,72233,8218,10788,256457,476325
02/12/2016,31228,36689,70473,8439,10957,258693,472823
02/05/2016,31858,36039,68763,8087,10365,255657,470676
01/29/2016,30846,35708,67701,7724,11412,254399,471344
01/22/2016,32049,33818,64945,7504,12121,248461,463552
01/15/2016,33396,32556,61998,7390,10870,244997,455169
01/08/2016,32026,32110,62906,6850,10490,240434,451190
01/01/2016,31919,29219,59768,7036,9761,231996,450956
12/25/2015,31667,28642,57293,6587,9174,221420,455106
12/18/2015,31099,28119,56908,6848,8650,220495,452477
12/11/2015,31652,28661,58726,6538,8909,219384,458354
12/04/2015,30793,27793,57360,6370,9357,217653,453553
11/27/2015,31859,27718,57303,6572,9486,216867,457212
11/20/2015,30913,28120,58339,6644,10266,216732,456035
11/13/2015,30899,27836,57628,6468,9382,214254,455074
11/06/2015,30427,27633,58282,6147,8412,213245,454822
10/30/2015,30088,30124,60850,5892,10177,215347,450841
10/23/2015,30223,31418,62438,5877,8945,218647,447994
10/16/2015,31929,31972,61800,6119,10035,219784,444618
10/09/2015,30728,33051,63547,6309,9444,221302,436590
10/02/2015,29816,31589,63237,6311,10002,223920,429028
09/25/2015,29778,29620,60251,6496,10102,222010,425988
09/18/2015,29870,28986,58232,6715,9357,218756,422033
09/11/2015,29448,30025,60780,6343,10084,217387,423958
09/04/2015,30173,27525,57409,6325,9536,214547,426062
08/28/2015,29455,29213,59818,6484,9828,214163,423657
08/21/2015,29092,29076,60401,6627,11470,214434,418990
08/14/2015,27353,28495,59535,6513,10616,212774,424442
08/07/2015,26898,27299,59213,6488,11727,215482,421822
07/31/2015,25634,27673,59821,7107,12746,216733,423226
07/24/2015,25268,27904,59980,7382,10666,215922,427633
07/17/2015,24731,27589,60803,7357,11495,216285,431836
07/10/2015,23289,28198,62075,7346,11141,218010,429368
07/03/2015,22247,27907,60474,6823,12569,217952,433714
06/26/2015,20764,28286,59856,6717,12399,216737,433223
06/19/2015,19874,28473,59578,6997,11865,218494,430837
06/12/2015,18733,29086,59111,7239,12642,217814,435771
06/05/2015,17752,29354,58696,7260,11866,217354,438447
05/29/2015,17207,32130,61277,7036,10578,220293,444464
05/22/2015,16507,32700,60450,7349,10295,220627,446412
05/15/2015,16154,33589,62288,7602,9287,223936,449214
05/08/2015,15867,34352,63239,7572,9146,226710,451888
05/01/2015,14676,36419,64424,7824,8846,227852,454079
04/24/2015,12772,35976,63725,7954,8852,227451,458181
04/17/2015,11790,35450,63348,8017,8087,225738,456271
04/10/2015,11582,35215,62952,8003,8594,227873,450956
04/03/2015,10149,36104,64377,7541,8170,229945,449662
03/27/2015,9009,36400,64353,7513,7380,229128,437983
03/20/2015,9265,36963,66076,7721,8854,233386,433217
03/13/2015,8928,37030,67054,7222,9147,235400,425047
03/06/2015,9793,36699,68006,7495,8850,239873,415425
02/27/2015,9494,36529,67574,7626,9322,240060,410246
02/20/2015,11857,37221,69590,7584,10001,240014,399943
02/13/2015,14040,37974,70441,7316,10113,243132,391516
02/06/2015,15285,38301,69407,7742,9622,242647,383800
01/30/2015,15236,36975,68533,7364,9632,240670,379473
01/23/2015,13860,35305,64278,7177,8677,238335,373140
01/16/2015,13385,34503,66008,6904,9212,240922,364266
01/09/2015,13749,33359,64150,6511,8832,240334,354195
01/02/2015,12460,31604,62390,6032,8734,237163,348806
12/26/2014,11753,29065,57653,5969,8311,229048,352979
12/19/2014,10990,28436,57118,5641,8217,226097,354733
12/12/2014,11789,26413,53717,5739,8959,222014,347466
12/05/2014,12403,24651,52355,5943,8969,216764,348313
11/28/2014,12577,24259,50150,5939,8407,208567,347015
11/21/2014,13290,24517,49461,5888,7966,206424,350704
11/14/2014,14835,24461,49894,6092,8666,204599,348758
11/07/2014,16321,24957,50337,6173,8626,203565,346150
10/31/2014,17663,24172,51129,6242,9631,201760,348935
10/24/2014,17105,24885,50771,6073,10130,203138,348475
10/17/2014,19345,24444,52156,6743,10477,204374,346414
10/10/2014,17588,25624,52331,6939,10952,205673,339303
10/03/2014,18072,26168,54909,6997,10504,209668,330380
09/26/2014,18699,25746,53550,7222,10362,208488,325465
09/19/2014,18187,26181,55454,7096,10189,210324,326828
09/12/2014,18299,27263,54603,7161,9257,210738,331101
09/05/2014,17902,28460,57147,7054,9115,212373,327428
08/29/2014,18078,29204,56963,6759,8098,209992,328119
08/22/2014,17612,28981,57553,6521,8826,212314,329024
08/15/2014,18301,29422,58644,6497,9236,213274,331094
08/08/2014,18425,29660,57969,6077,9025,212689,335568
08/01/2014,18508,29959,58417,6569,7882,213849,334167
07/25/2014,18001,31605,60008,6787,8885,218236,335631
07/18/2014,17123,30273,60232,6521,10138,217871,339328
07/11/2014,14669,30266,60591,6369,9435,214492,343297
07/04/2014,14135,30511,61992,6696,11045,214321,350822
06/27/2014,13048,29368,60733,6897,11194,213742,353229
06/20/2014,13235,29259,62035,6926,11542,214977,356384
06/13/2014,12761,30799,62175,6894,11377,214267,354642
06/06/2014,11413,30703,60821,7086,11382,213482,355221
05/30/2014,11475,30734,60606,6897,10945,211785,357951
05/23/2014,12303,30214,59235,6606,10949,211575,361382
05/16/2014,10953,29646,56766,6354,11689,213378,359725
05/09/2014,10763,28516,55513,6377,11397,212408,366951
05/02/2014,12126,27735,54466,6229,10922,213180,366004
04/25/2014,12106,27354,54153,5922,9582,211572,367576
04/18/2014,12267,28893,54059,5517,10711,210008,365878
04/11/2014,12224,28838,54158,5361,9540,210282,362354
04/04/2014,11536,29274,53899,5183,8003,210436,352341
03/28/2014,9502,29879,55119,4998,7832,215624,348423
03/21/2014,9407,31572,57058,4710,7877,217198,350802
03/14/2014,9183,30446,56505,4476,7965,222299,344183
03/07/2014,9548,30385,58362,4565,8029,223766,338333
02/28/2014,9208,30578,59541,4859,8201,228996,332453
02/21/2014,8730,30614,61234,5036,9293,230600,331024
02/14/2014,8468,31960,63036,5028,9022,233407,330956
02/07/2014,7821,32773,63545,5285,8864,233098,329983
01/31/2014,8153,31847,64602,5568,8811,234951,326930
01/24/2014,9894,32075,63728,5342,9030,234446,326490
01/17/2014,10702,31853,62731,5478,8659,235265,320069
01/10/2014,11978,31215,62787,5123,7878,233142,319079
01/03/2014,13737,30107,59425,4901,8235,226959,326737
12/27/2013,12621,28062,57249,4972,8275,220716,330695
12/20/2013,12498,27340,56234,5009,7785,219872,337702
12/13/2013,12667,26388,56534,5095,7661,220486,342433
12/06/2013,12491,27954,57309,4937,8205,219149,345374
11/29/2013,11672,25976,54267,4755,8951,212432,356378
11/22/2013,11420,24959,53515,4950,9031,210604,361963
11/15/2013,11661,25872,52419,5072,9132,208853,359010
11/08/2013,11705,25719,52813,4934,8736,209198,358635
11/01/2013,12052,28039,54021,5166,9875,210036,355995
10/25/2013,13324,29021,56058,4888,9712,213791,354806
10/18/2013,13467,30491,57168,5155,10696,215504,350719
10/11/2013,14449,30628,57070,5041,11424,217309,345473
10/04/2013,15477,31482,58364,5074,12719,219879,341474
09/27/2013,17193,30546,55968,5337,12895,219730,334730
09/20/2013,18030,29120,54406,5345,12225,216235,329258
09/13/2013,18821,29313,56074,5815,11584,216018,326623
09/06/2013,19326,28715,56820,6132,11311,217645,330991
08/30/2013,19062,28769,58260,6205,10725,215987,331609
08/23/2013,19148,29850,58296,6212,10801,217814,333445
08/16/2013,18633,30160,58542,6223,10495,218401,330459
08/09/2013,17423,30989,61284,6024,10176,222430,331887
08/02/2013,16026,30423,61661,6162,10609,223599,334699
07/26/2013,17524,29479,60290,6223,9788,223464,336130
07/19/2013,17944,28942,61068,6748,10694,222694,335699
07/12/2013,17762,29768,62480,6667,11142,224083,338524
07/05/2013,17264,30966,62639,5879,10596,221028,345426
06/28/2013,16099,31826,62991,5833,10697,223662,355163
06/21/2013,15177,33789,63835,5972,11128,225381,365510
06/14/2013,14189,32970,62273,5917,11703,221728,365492
06/07/2013,13502,32694,63778,5903,12709,221545,365179
05/31/2013,12833,31752,60914,5647,11736,218797,362550
05/24/2013,10819,34266,62740,5611,10854,219163,368817
05/17/2013,10865,34518,63581,5439,11678,220677,365817
05/10/2013,11210,34295,63348,5514,11587,217662,366155
05/03/2013,12125,32843,61543,5677,11102,215074,366779
04/26/2013,10812,32477,61725,5597,11217,215984,366408
04/19/2013,11305,32285,60550,5935,10737,217802,359712
04/12/2013,11264,32461,59980,6002,10394,221730,358765
04/05/2013,11268,33032,59306,6034,9591,222363,359998
03/29/2013,10870,32224,57765,6166,9708,220664,360116
03/22/2013,10861,33089,58934,5997,9349,221236,357409
03/15/2013,10878,33691,59798,6339,9708,222832,354153
03/08/2013,11093,33575,59914,6425,9068,224308,355467
03/01/2013,10775,33693,60463,7200,9901,227879,352843
02/22/2013,9840,33463,59812,7027,9312,228495,349107
02/15/2013,11172,33310,59548,7119,9592,230352,347977
02/08/2013,11326,32830,59773,7054,9832,233236,343834
02/01/2013,13026,32434,58069,7134,9343,234039,343274
01/25/2013,13799,29045,55191,7430,9381,232301,340940
01/18/2013,13648,28766,53948,7269,8701,233257,334993
01/11/2013,13837,26942,53454,7657,9333,234995,332180
01/04/2013,12823,26389,52933,7258,8986,233085,333131
12/28/2012,11881,26107,51971,7038,9001,225673,332239
12/21/2012,9967,25529,51108,7088,8724,223104,343359
12/14/2012,10242,24140,49127,7022,8770,219322,343945
12/07/2012,8934,24758,49572,7145,9426,217115,344909
11/30/2012,8110,24489,47873,6854,9126,212115,344769
11/23/2012,7675,22804,47361,6304,9684,204255,347126
11/16/2012,6953,23683,46110,6935,11125,200390,347473
11/09/2012,6857,22249,45107,6566,9362,201937,348939
11/02/2012,7489,22935,46643,6335,9378,202377,347850
10/26/2012,8496,23245,47892,7232,9871,199502,346303
10/19/2012,7876,22896,48094,7026,9172,198567,348348
10/12/2012,7406,22465,46753,7070,10208,197128,342452
10/05/2012,8190,21382,45118,7307,10758,195408,339592
09/28/2012,8410,20380,46146,7341,10725,195942,338080
09/21/2012,8476,21470,46811,7578,10890,195828,338562
09/14/2012,8295,22655,47768,7343,10686,196309,341008
09/07/2012,8632,23888,50071,6978,11530,197716,332474
08/31/2012,9046,24669,49842,7221,11516,198893,331065
08/24/2012,9776,23842,49463,7321,11592,201227,338491
08/17/2012,9444,23774,49575,7060,10863,202736,334713
08/10/2012,9748,23955,49896,7452,9869,203698,340125
08/03/2012,10027,23599,51676,7143,9337,206069,343824
07/27/2012,10220,24290,52811,7402,10572,207870,347599
07/20/2012,9796,24350,54100,7290,9596,210044,354121
07/13/2012,9684,24193,52219,7343,9048,205910,351404
07/06/2012,10005,24640,53459,7403,9217,207725,352213
06/29/2012,8200,23736,52361,7780,8894,204973,357068
06/22/2012,8803,25137,54108,8334,9680,204822,361338
06/15/2012,8589,25173,54299,8366,9672,202744,361471
06/08/2012,8567,23708,53774,8224,10058,201801,358610
06/01/2012,9295,25489,54787,8225,9465,203525,358801
05/25/2012,9193,25749,53831,8334,10075,200179,360564
05/18/2012,9585,26530,53606,8322,10044,201012,358351
05/11/2012,9862,26313,53680,7923,8607,204311,357468
05/04/2012,10000,27691,53729,8160,8884,207108,355340
04/27/2012,10258,28446,53453,8492,8585,209721,350051
04/20/2012,10971,29632,54298,8728,9525,211730,347211
04/13/2012,9560,29639,54633,8924,9977,213965,343233
04/06/2012,9884,30617,56937,8904,9578,217636,339377
03/30/2012,9244,32579,58856,9270,9878,221913,336811
03/23/2012,9498,32523,58691,9175,10022,223370,327802
03/16/2012,9707,33519,60499,9116,9599,226907,320700
03/09/2012,8994,33608,62123,9007,9589,228121,321862
03/02/2012,9964,32746,61484,8931,9167,229531,320112
02/24/2012,11006,33708,62573,8689,10493,229927,319264
02/17/2012,11512,33765,64093,8054,10250,231527,315104
02/10/2012,10481,32414,61903,8025,9961,232176,313471
02/03/2012,11376,32735,62633,7988,9880,231776,313642
01/27/2012,11998,32544,62626,7827,9248,230147,313351
01/20/2012,11963,30865,59926,7537,9382,227130,309176
01/13/2012,11592,29512,59092,7051,9303,227520,305618
01/06/2012,10698,29627,57985,6392,9500,223803,309056
12/30/2011,9580,27599,56738,6265,9243,220193,307231
12/23/2011,9260,28422,57751,6468,9240,217714,305022
12/16/2011,10001,28387,57759,6696,9589,218406,301123
12/09/2011,10138,29432,59102,5871,8837,218818,311693
12/02/2011,9546,30727,57223,5782,9638,214994,313625
11/25/2011,10248,28315,54620,5930,9678,209847,312476
11/18/2011,10470,27840,54248,6226,11086,209634,308544
11/11/2011,10467,26996,51332,5864,10205,205159,314763
11/04/2011,10621,26571,51101,6033,11010,204167,315819
10/28/2011,10865,27511,52826,6017,12589,206274,317407
10/21/2011,10695,27210,52882,5894,12495,204918,315581
10/14/2011,10872,25540,51638,6026,11803,206271,310846
10/07/2011,11090,26966,53758,6165,11992,209595,315575
09/30/2011,12124,27917,55329,5863,11891,213729,314342
09/23/2011,12238,29255,56333,6008,11146,214866,319021
09/16/2011,11322,27177,53912,5976,11770,214075,317106
09/09/2011,10950,27044,54098,5964,11517,210780,324442
09/02/2011,11359,24797,53371,5829,11322,208840,331146
08/26/2011,11773,25933,54206,6082,11208,208641,335107
08/19/2011,11633,26693,55026,6247,11403,211436,329826
08/12/2011,11402,26190,55044,6131,12159,210081,332039
08/05/2011,10723,25949,55438,6718,12282,213591,327806
07/29/2011,10593,25827,55434,6922,13492,215179,332927
07/22/2011,10353,25924,55880,6671,12322,213478,331977
07/15/2011,10068,25556,55696,6842,12692,212456,329681
07/08/2011,9896,26056,55800,6660,12503,211699,333408
07/01/2011,9658,26874,55346,6586,12314,212539,336532
06/24/2011,9704,25826,55278,6766,12675,213173,337405
06/17/2011,9684,26175,56250,6799,11735,214601,341780
06/10/2011,10786,26657,56573,6940,11913,215065,343491
06/03/2011,11072,25912,54731,6741,11599,214492,346897
05/27/2011,11000,24921,53326,7587,10248,212283,351529
05/20/2011,11019,25364,53109,7772,10257,209730,348651
05/13/2011,10595,24196,50842,7582,10198,205936,348035
05/06/2011,10034,25156,51507,7473,10369,205817,348050
04/29/2011,10101,24005,47999,7749,10211,204542,344418
04/22/2011,9997,26133,49674,7610,9585,205588,340997
04/15/2011,9859,27772,51337,8344,9879,208096,334841
04/08/2011,9150,27606,52543,8391,9378,209679,337163
04/01/2011,8012,30902,55548,8256,9776,216679,335536
03/25/2011,9291,32782,58457,7723,8533,217036,333920
03/18/2011,9384,33241,60405,7512,8243,219720,330975
03/11/2011,9526,34679,62442,7241,8401,225040,328844
03/04/2011,9555,35177,63005,7162,10137,229214,327099
02/25/2011,9478,34115,63860,6869,10489,234708,324722
02/18/2011,9844,33395,64817,6924,9167,238298,325086
02/11/2011,10290,33520,64636,6812,9865,241096,324264
02/04/2011,10532,32604,64439,7107,9744,240891,323404
01/28/2011,10214,29187,60033,6647,8687,236228,321573
01/21/2011,10278,27106,57556,6955,9080,230074,318979
01/14/2011,10124,27075,55452,6066,9174,227670,314143
01/07/2011,10553,27027,53429,5711,9126,223227,311526
12/31/2010,10183,27128,53346,5724,8778,218146,313918
12/24/2010,10416,27151,52650,6023,8893,214857,318079
12/17/2010,10264,27846,54397,6084,10043,217173,319337
12/10/2010,10534,27042,54285,6159,9637,214773,324670
12/03/2010,10604,25724,52407,6268,10247,213964,334524
11/26/2010,10379,23221,50763,6432,10596,210153,338658
11/19/2010,10519,23050,51700,6233,10949,209592,337592
11/12/2010,10327,24184,50239,6112,10100,207679,336563
11/05/2010,10613,24372,50464,5847,10812,210336,343849
10/29/2010,11367,24092,51705,6087,11292,212253,347394
10/22/2010,11395,23740,52609,5897,11397,214942,345444
10/15/2010,11177,25069,53491,5752,11368,219329,340437
10/08/2010,10735,25807,54042,5848,10894,218174,339770
10/01/2010,11469,27468,55612,6438,11023,219943,340186
09/24/2010,11742,30076,57872,6571,11423,222589,337343
09/17/2010,10710,31333,61828,6702,10869,226058,337818
09/10/2010,10425,31876,61476,6933,10590,224468,336848
09/03/2010,10843,31660,62439,6695,11326,225162,339337
08/27/2010,11240,31930,64005,6698,11438,225405,341105
08/20/2010,11517,30495,62673,6979,12451,225617,337680
08/13/2010,11155,30248,61951,8165,12251,223344,333572
08/06/2010,11109,30215,61356,8183,11883,223383,334390
07/30/2010,11060,31047,61624,8271,12024,222974,337388
07/23/2010,11739,30517,61329,8445,12030,222245,340172
07/16/2010,11035,29350,61568,8642,12194,222154,332864
07/09/2010,10583,29640,61118,8617,12946,221036,332504
07/02/2010,10445,28951,60820,8751,13477,219435,337562
06/25/2010,9900,28523,60218,8735,12653,218115,342606
06/18/2010,9121,27168,58676,8503,12823,217578,344613
06/11/2010,8713,28911,59393,7911,12671,218340,342596
06/04/2010,8477,30063,60666,7826,12438,218976,340906
05/28/2010,8648,30096,59653,,11328,218984,342581
05/21/2010,9097,30081,59570,,11622,221631,344483
05/14/2010,8851,30749,58522,,11503,221834,342023
05/07/2010,9192,30621,57725,,11541,222128,341861
04/30/2010,9210,31190,58534,,11767,224942,339942
04/23/2010,8559,30746,56377,,11993,223685,337187
04/16/2010,9290,30339,56292,,11836,224925,335224
04/09/2010,9091,29767,56140,,11448,221338,333330
04/02/2010,9221,29681,55501,,11006,222374,335532
03/26/2010,9554,31581,58536,,11185,224872,333386
03/19/2010,9264,32730,59235,,11425,224559,330457
03/12/2010,9730,32760,59951,,11204,227274,323212
03/05/2010,9874,33542,60320,,11433,228984,322200
02/26/2010,10313,32575,60305,,10797,231943,320730
02/19/2010,10811,33957,61863,,10689,231170,316696
02/12/2010,11559,34636,62079,,9832,232065,313662
02/05/2010,11464,32048,60487,,9722,230445,310577
01/29/2010,11601,31948,58798,,9837,228121,308283
01/22/2010,11606,33012,61666,,10096,229427,305966
01/15/2010,11926,32181,61357,,9814,227442,309854
01/08/2010,10813,32146,61067,,9814,223492,310325
01/01/2010,11590,30722,59250,,10261,219701,306626
12/25/2009,12418,31422,59283,,10427,215964,307969
12/18/2009,13431,31390,58855,,10400,216330,309507
12/11/2009,13833,31020,59626,,10203,217213,314348
12/04/2009,13112,30051,57876,,11728,216334,318037
11/27/2009,12234,29201,56184,,11748,214081,321832
11/20/2009,12734,29530,56191,,11956,210085,319741
11/13/2009,11853,29106,55191,,12036,209082,318722
11/06/2009,11763,29128,56624,,12272,210837,319609
10/30/2009,10046,28811,55966,,12485,208277,317821
10/23/2009,10617,27747,55788,,12863,208564,321757
10/16/2009,10559,27657,55656,,12545,206945,320979
10/09/2009,11237,29053,57827,,12460,209159,319667
10/02/2009,11171,30105,58662,,12149,214389,319333
09/25/2009,11036,28648,55556,,12715,211452,320467
09/18/2009,11562,28351,56537,,12847,213109,317671
09/11/2009,10545,26124,54061,,12591,207700,314816
09/04/2009,10565,26550,54592,,12520,207153,319545
08/28/2009,10607,25588,53465,,12563,205085,325351
08/21/2009,10319,27070,54201,,12469,208054,325723
08/14/2009,10276,27769,55545,,12547,209754,325595
08/07/2009,9589,28553,56505,,12322,211931,333992
07/31/2009,9612,28745,56163,,12314,212858,331296
07/24/2009,9742,28384,56059,,11947,213076,329626
07/17/2009,9777,28348,56512,,10455,215391,324474
07/10/2009,9953,28094,55685,,11091,214578,326270
07/03/2009,10636,27623,55142,,11338,213140,329083
06/26/2009,10192,27211,55178,,11651,211238,331784
06/19/2009,10191,27554,54761,,10233,208905,335444
06/12/2009,9678,26482,53860,,11555,205034,339312
06/05/2009,10166,26705,52120,,10363,201649,343186
05/29/2009,9068,27550,52575,,11057,203202,347582
05/22/2009,8625,27873,52684,,10758,203417,344716
05/15/2009,8861,29645,53702,,11000,203954,350129
05/08/2009,8359,29287,54477,,11495,208291,352234
05/01/2009,8155,31091,57149,,10650,212445,356863
04/24/2009,7363,30461,55615,,10486,212612,355909
04/17/2009,7094,31132,56836,,10148,217307,351856
04/10/2009,6970,31339,56659,,9824,216505,347999
04/03/2009,8195,30466,56197,,9565,217449,342328
03/27/2009,8639,32517,58107,,9157,216793,340912
03/20/2009,8870,31857,55907,,9673,214568,338068
03/13/2009,8973,31375,55796,,9423,215712,334766
03/06/2009,8976,30757,53309,,9798,212517,332824
02/27/2009,9229,31738,55452,,10125,215510,332309
02/20/2009,8818,32630,58837,,10315,215342,333066
02/13/2009,8680,34224,59953,,9851,218664,332349
02/06/2009,8976,33078,59494,,10652,217559,332487
01/30/2009,9223,33711,61840,,9390,220221,327868
01/23/2009,8012,33798,61234,,8373,219859,320698
01/16/2009,8191,36284,63029,,9140,219980,314480
01/09/2009,8114,34831,61191,,8191,213505,308380
01/02/2009,7942,34398,62863,,8008,211437,307236
12/26/2008,7738,32701,60488,,8879,208103,301142
12/19/2008,8272,30318,58169,,8838,207295,300593
12/12/2008,7964,28605,56057,,8919,203959,303694
12/05/2008,7433,28481,55539,,9635,202664,303169
11/28/2008,6854,26806,51764,,9311,198942,302817
11/21/2008,6869,26356,52044,,9313,200476,303273
11/14/2008,6864,25716,51595,,9657,198634,295993
11/07/2008,6603,23469,49970,,8891,198095,294394
10/31/2008,6391,22789,48645,,8363,196113,294444
10/24/2008,6737,23478,48980,,8489,194990,294390
10/17/2008,6312,24610,49805,,8534,196497,293897
10/10/2008,6544,23655,46978,,7797,193788,290715
10/03/2008,6893,23384,45347,,8179,186815,285104
09/26/2008,7969,23828,43919,,7817,179640,276912
09/19/2008,7966,24968,44803,,8057,178739,272634
09/12/2008,8977,25952,46388,,9335,184634,274154
09/05/2008,8541,28300,49608,,9961,187942,280482
08/29/2008,8866,29315,51880,,11128,194404,286362
08/22/2008,8006,31213,53906,,11462,195441,288260
08/15/2008,7660,31391,55332,,10588,196620,288437
08/08/2008,7804,33237,57647,,10712,202822,279047
08/01/2008,7933,34738,58833,,10941,209216,279363
07/25/2008,8130,33871,59808,,10299,213560,277865
07/18/2008,7670,34336,60972,,9737,217085,277946
07/11/2008,8315,33447,59912,,9346,214238,279504
07/04/2008,8029,33680,59141,,9397,211766,276552
06/27/2008,7840,32180,58996,,9842,210857,282258
06/20/2008,7271,31366,58257,,9705,208757,284240
06/13/2008,6982,30661,56550,,9621,208910,283437
06/06/2008,6770,31970,57086,,9630,210088,284679
05/30/2008,6615,31879,55310,,10504,209090,289256
05/23/2008,6523,30915,55313,,10870,206155,294058
05/16/2008,6247,33078,58089,,9542,209413,302941
05/09/2008,5930,33023,58264,,10077,210168,308258
05/02/2008,5966,32755,58401,,9060,211883,308082
04/25/2008,5412,32321,56326,,8935,211089,302429
04/18/2008,4813,31949,55622,,9388,212572,298581
04/11/2008,5528,33955,58993,,8988,215751,296160
04/04/2008,6037,36213,60102,,8415,221268,298516
03/28/2008,6046,35793,61453,,8721,224710,301723
03/21/2008,6272,35544,62622,,8048,229235,294406
03/14/2008,5818,37514,65000,,8656,232520,294318
03/07/2008,5745,37098,64427,,8435,235967,294185
02/29/2008,5816,38531,66191,,8528,234276,287785
02/22/2008,6159,38845,63873,,9163,232619,290841
02/15/2008,6311,37553,63884,,9426,230264,287610
02/08/2008,7539,38684,65889,,9447,229236,283406
02/01/2008,7688,37378,64096,,9006,227487,282340
01/25/2008,7936,36113,62053,,8656,223899,275472
01/18/2008,8302,33562,61807,,8378,220341,271917
01/11/2008,7973,32257,57916,,8508,215256,269620
01/04/2008,7676,30840,57970,,9434,213063,265361
12/28/2007,6817,29214,54746,,8854,207842,271865
12/21/2007,6976,28954,53905,,9345,205857,275921
12/14/2007,7307,27719,52989,,9537,205221,279220
12/07/2007,7363,27249,52740,,9003,202241,286806
11/30/2007,7309,27088,51593,,9646,200623,287895
11/23/2007,7400,26904,50752,,10257,196628,295808
11/16/2007,7020,26209,49393,,9760,195190,296260
11/09/2007,7008,25069,49126,,10912,195027,297331
11/02/2007,7019,25676,49459,,10685,194313,294517
10/26/2007,7134,26161,49989,,10768,195132,295477
10/19/2007,7216,25022,49852,,11265,193837,299371
10/12/2007,6801,25644,50244,,10590,195768,304659
10/05/2007,6909,25568,50177,,10933,193000,302875
09/28/2007,6962,25784,50418,,10656,191325,304684
09/21/2007,6875,25427,50788,,10629,191366,303546
09/14/2007,8004,24659,48676,,10528,190834,301704
09/07/2007,7697,24954,49175,,10743,190417,305578
08/31/2007,7714,24660,49599,,10363,191083,312591
08/24/2007,7239,24833,50064,,10904,192564,316563
08/17/2007,7345,26857,52155,,10611,196231,320049
08/10/2007,7226,27029,53596,,10554,201940,318159
08/03/2007,7377,27808,54295,,11003,202997,323326
07/27/2007,7642,28459,55204,,10844,204720,327287
07/20/2007,7612,28225,55319,,10432,204134,333784
07/13/2007,8221,28455,56403,,11350,203341,334887
07/06/2007,7404,27190,54533,,10961,205576,335336
06/29/2007,7364,25260,52875,,10694,204433,336924
06/22/2007,7296,25540,50735,,11720,202582,333773
06/15/2007,7805,25565,50621,,11630,203331,332211
06/08/2007,7489,25578,49845,,11243,201540,325309
06/01/2007,7214,27140,51548,,9915,201537,325227
05/25/2007,7089,27362,52286,,9655,198027,325014
05/18/2007,6148,28537,52489,,9496,196666,326970
05/11/2007,5945,27897,51898,,9450,195235,325001
05/04/2007,6152,29466,52573,,9984,193471,323940
04/27/2007,5582,29745,53247,,9754,193099,318468
04/20/2007,5698,29590,52690,,10191,194214,317299
04/13/2007,5695,29901,52837,,10239,197007,315225
04/06/2007,5235,30763,54328,,10097,199725,316219
03/30/2007,5328,32137,56765,,9670,205201,315387
03/23/2007,5679,32211,56539,,9898,210231,311080
03/16/2007,5662,31642,55281,,9692,210489,311926
03/09/2007,6358,31833,56781,,9490,213939,308002
03/02/2007,6925,31844,56080,,10247,216425,306822
02/23/2007,6722,33031,57660,,10121,220175,311719
02/16/2007,6935,34718,60944,,9592,222115,310298
02/09/2007,7445,34022,60455,,9077,225156,306604
02/02/2007,7756,34423,62353,,9757,227214,307193
01/26/2007,8336,33457,60231,,9835,224614,307711
01/19/2007,7606,31322,57939,,9485,220795,305027
01/12/2007,6904,29554,56374,,9184,216786,304238
01/05/2007,7110,28649,54803,,9572,213295,297470
12/29/2006,6251,28161,54538,,9749,209532,303219
12/22/2006,6211,27076,51781,,9524,203853,304518
12/15/2006,6059,26772,50544,,10038,200915,312650
12/08/2006,6450,27410,51264,,10544,199857,318973
12/01/2006,5685,26793,50814,,10697,200031,323268
11/24/2006,5887,28750,53930,,9925,201069,324458
11/17/2006,5613,28983,54025,,9886,201658,324818
11/10/2006,6105,27799,53045,,10256,200252,319657
11/03/2006,6409,27973,53112,,10891,204033,318374
10/27/2006,6410,28599,53515,,10494,204617,317857
10/20/2006,5344,30161,55483,,10362,207416,315947
10/13/2006,5355,29774,56959,,11521,210175,319152
10/06/2006,4725,30577,58817,,11153,215397,314132
09/29/2006,5155,32319,59381,,11681,215052,312001
09/22/2006,4967,30845,58188,,10217,213899,308646
09/15/2006,4736,28760,54474,,10523,207554,308755
09/08/2006,4644,29757,55730,,10687,206994,311603
09/01/2006,4538,28820,54380,,10379,206880,314507
08/25/2006,3559,28561,54395,,10515,206162,316611
08/18/2006,2800,27861,53098,,10848,205795,314130
08/11/2006,2803,26712,52754,,10462,205393,314773
08/04/2006,2320,26968,53195,,10034,207659,316380
07/28/2006,1923,26797,54406,,10784,210868,317566
07/21/2006,1646,27780,54724,,9850,211030,319340
07/14/2006,1227,29254,55724,,9896,214194,319310
07/07/2006,999,28579,54592,,9944,212651,319159
06/30/2006,1065,30790,57376,,10244,213077,325089
06/23/2006,969,29680,57439,,10347,212350,327510
06/16/2006,849,31485,58853,,10955,213440,330839
06/09/2006,716,32192,59212,,11132,213146,329454
06/02/2006,367,29469,56162,,10110,210331,330434
05/26/2006,387,29509,56778,,10535,209277,329151
05/19/2006,131,29963,56069,,10090,208483,327552
05/12/2006,34,27871,52406,,10223,206375,330550
05/05/2006,129,27103,50838,,10578,205050,330615
04/28/2006,211,26714,48609,,10821,202708,330289
04/21/2006,251,25281,47468,,11309,200594,328562
04/14/2006,219,26445,48429,,10601,202482,328788
04/07/2006,262,27851,51922,,10801,207927,329594
03/31/2006,265,31779,55759,,10115,211782,326442
03/24/2006,211,33740,58859,,10333,216226,324332
03/17/2006,181,33471,60019,,10231,221563,322302
03/10/2006,109,33666,59687,,10427,223884,323612
03/03/2006,91,34146,58382,,10694,224765,318776
02/24/2006,127,34200,59347,,10488,225867,312135
02/17/2006,166,33425,57355,,10931,225648,310497
02/10/2006,136,31535,57408,,10397,225459,309376
02/03/2006,270,30505,56582,,11735,223344,304523
01/27/2006,323,29990,56807,,10625,219044,304935
01/20/2006,369,29008,54774,,11010,214763,303016
01/13/2006,391,27709,53044,,10583,211635,305325
01/06/2006,446,26884,53147,,9830,208778,302584
12/30/2005,302,26669,51000,,10584,204259,305527
12/23/2005,270,25284,51848,,10493,202853,306540
12/16/2005,331,26661,53132,,11112,204074,306422
12/09/2005,331,26348,54241,,12299,204375,305122
12/02/2005,312,27213,54513,,10901,202609,304230
11/25/2005,218,27049,54567,,10692,199868,301443
11/18/2005,226,28462,55566,,10092,200413,305631
11/11/2005,246,27313,54032,,9775,200175,305277
11/04/2005,311,28551,54988,,9607,201127,307436
10/28/2005,177,27613,52520,,9030,196904,303027
10/21/2005,188,28503,52664,,9471,195869,300293
10/14/2005,208,28582,52524,,9371,195710,295879
10/07/2005,231,29362,51882,,9363,192803,290324
09/30/2005,238,29535,52535,,9070,195454,289398
09/23/2005,219,29512,53634,,10757,199831,289644
09/16/2005,241,27854,51154,,9561,195431,292056
09/09/2005,270,28489,50017,,9807,191959,292378
09/02/2005,354,27255,49235,,9554,190067,298938
08/26/2005,327,28130,53378,,10911,194369,305363
08/19/2005,310,28899,52214,,9250,194877,306883
08/12/2005,306,29449,55170,,10258,198122,305031
08/05/2005,323,31109,56378,,9863,203091,304790
07/29/2005,361,30747,56042,,9510,205177,302036
07/22/2005,272,30798,58778,,10825,209194,301840
07/15/2005,274,30846,59571,,10016,211322,304085
07/08/2005,297,28595,57690,,10687,212641,304985
07/01/2005,277,29429,59744,,11422,215266,308884
06/24/2005,198,33170,62108,,10141,216240,312453
06/17/2005,189,32307,60519,,10366,215939,311349
06/10/2005,225,33603,62203,,9549,215742,312928
06/03/2005,281,31718,60973,,9422,216647,314711
05/27/2005,126,32358,60750,,9837,216678,317706
05/20/2005,129,33814,61582,,9523,215374,316218
05/13/2005,141,33882,60949,,9835,214765,317905
05/06/2005,153,33725,59973,,9960,213694,313562
04/29/2005,162,33923,60119,,9627,213507,311127
04/22/2005,206,34372,59594,,9792,211306,308447
04/15/2005,304,34142,58618,,9468,211636,303032
04/08/2005,295,33471,59062,,9384,213100,304805
04/01/2005,297,32119,57076,,8727,212252,301151
03/25/2005,291,32945,58242,,8549,214358,298349
03/18/2005,323,33038,59054,,9166,217293,292966
03/11/2005,210,34016,60351,,9835,221352,288869
03/04/2005,190,34641,59691,,10206,224282,286276
02/25/2005,159,33436,59379,,10437,224483,283301
02/18/2005,122,33589,59689,,9862,223510,280906
02/11/2005,113,31265,58469,,10194,221678,280298
02/04/2005,207,30919,56816,,10228,216757,278156
01/28/2005,169,31817,58289,,9428,216342,279566
01/21/2005,248,30332,58483,,9423,214712,279890
01/14/2005,241,32194,59453,,9429,216969,276461
01/07/2005,274,30876,59113,,8813,215333,273060
12/31/2004,263,31280,58781,,9138,214327,275442
12/24/2004,172,30436,56875,,9311,212251,278661
12/17/2004,174,30136,54254,,9759,211381,279520
12/10/2004,155,29388,54798,,9147,209616,277396
12/03/2004,175,30315,55568,,9282,208096,277522
11/26/2004,212,29426,54884,,8546,205741,276981
11/19/2004,198,27864,51825,,9828,202741,276132
11/12/2004,209,28741,54273,,9729,200879,276047
11/05/2004,273,28150,52921,,9221,201270,275232
10/29/2004,269,28820,53794,,8456,201677,273529
10/22/2004,505,28425,53465,,9098,201163,267257
10/15/2004,304,26968,51460,,8960,199883,263313
10/08/2004,369,27369,51330,,8896,200616,262115
10/01/2004,275,27053,51554,,9696,199429,257912
09/24/2004,195,28599,52235,,8943,198846,257031
09/17/2004,221,27607,50638,,9731,199654,253630
09/10/2004,189,28612,52606,,9480,202493,262742
09/03/2004,223,30713,52493,,8922,204073,269754
08/27/2004,241,29815,54287,,9378,206552,271284
08/20/2004,243,30515,54463,,10134,205743,275516
08/13/2004,192,31171,54991,,9481,205742,277216
08/06/2004,207,31030,54858,,10320,208296,278427
07/30/2004,216,31489,56638,,8942,210108,282564
07/23/2004,217,30488,55858,,8802,207651,284379
07/16/2004,242,31159,56791,,8859,208420,283207
07/09/2004,219,29687,55266,,8561,205903,286780
07/02/2004,206,28830,54800,,9711,206108,288952
06/25/2004,183,29978,55823,,9946,205148,288862
06/18/2004,207,28104,52714,,8585,205134,289366
06/11/2004,269,28358,54368,,9523,205943,286951
06/04/2004,350,28484,54372,,8107,206432,286099
05/28/2004,666,27975,54378,,8611,204279,285384
05/21/2004,518,27996,54517,,8610,203017,282605
05/14/2004,805,30060,55978,,8349,203674,282580
05/07/2004,706,30054,55326,,9223,202450,283676
04/30/2004,1079,29428,55084,,9126,203996,282748
04/23/2004,1040,29060,55903,,9789,199958,282653
04/16/2004,1200,28211,54656,,10269,199083,279474
04/09/2004,1675,28977,53549,,8947,197451,279266
